ph,Hardness,Solids,Chloramines,Sulfate,Conductivity,Organic_carbon,Trihalomethanes,Turbidity
7.2,185.4,20791.3,7.3,333.7,428.8,12.1,68.7,3.4
6.9,210.2,18234.5,6.1,301.4,395.2,9.8,55.3,4.1
,178.9,22450.1,8.4,368.5,497.1,14.6,77.2,3.9
7.8,196.5,15980.6,5.9,289.6,361.4,8.9,49.8,2.8
7.0,232.1,26810.4,9.2,342.8,452.3,16.4,82.5,4.6
6.5,204.8,20791.3,7.3,368.5,564.3,10.4,86.9,2.9
7.5,171.2,14502.9,5.4,262.1,348.9,8.1,45.6,2.2
8.1,189.7,19876.2,6.8,315.3,401.7,11.2,61.4,3.7
6.8,225.6,24350.8,8.9,356.2,478.5,15.3,74.8,5.2
7.3,163.5,17120.4,6.4,295.7,385.6,9.2,52.1,3.1
